9671641780,2026-08-15T19:00:13
9671641116,2026-08-15T19:00:13
9671654939,2026-08-15T19:31:25
9671676119,2026-08-15T19:31:25
9671384847,2026-08-15T19:31:25
9671685732,2026-08-15T19:31:25
9671804225,2026-08-15T19:31:25
9671693340,2026-08-15T19:31:25
9671713539,2026-08-15T19:31:25
9671704195,2026-08-15T19:31:25
9671702438,2026-08-15T19:31:25
9671702137,2026-08-15T19:31:25
9671701537,2026-08-15T19:31:25
9671698332,2026-08-15T19:31:25
9671686107,2026-08-15T19:31:25
9669202926,2026-08-15T19:31:25
9671651413,2026-08-15T19:31:25
9671803145,2026-08-15T19:31:25
9671634992,2026-08-15T19:31:25
9671712488,2026-08-15T19:31:25
9671555788,2026-08-15T19:31:25
9669090671,2026-08-15T19:31:25
9669088362,2026-08-15T19:31:25
9669087713,2026-08-15T19:31:25
9669203517,2026-08-15T19:31:25
9669202578,2026-08-15T19:31:25
9669198415,2026-08-15T19:31:25
9669199279,2026-08-15T19:31:25
9669194685,2026-08-15T19:31:25
9669195904,2026-08-15T19:31:25
9669192611,2026-08-15T19:31:25
9669229937,2026-08-15T19:31:25
9669229166,2026-08-15T19:31:25
9670483540,2026-08-15T19:31:25
9670484071,2026-08-15T19:31:25
9671380645,2026-08-15T19:31:25
9671392861,2026-08-15T19:31:25
9671602227,2026-08-15T19:31:25
9671602555,2026-08-15T19:31:25
9671594614,2026-08-15T19:31:25
9671588939,2026-08-15T19:31:25
9671589528,2026-08-15T19:31:25
9671587461,2026-08-15T19:31:25
9671654633,2026-08-15T19:31:25
9671650778,2026-08-15T19:31:25
9671650510,2026-08-15T19:31:25
9671649777,2026-08-15T19:31:25
9671646592,2026-08-15T19:31:25
9671645178,2026-08-15T19:31:25
9671634827,2026-08-15T19:31:25
